CALLE TRABAJADORES SOCIALES,91,COLONIA GUADALUPE DEL MORAL,09040,IZTAPALAPA,CIUDAD DE MEXICO
CALLE NAUYACA,12,COLONIA PEDREGAL DE SANTO DOMINGO,24369,COYOACAN,CIUDAD DE MEXICO
CERRADA ORIENTE 229-A,35,COLONIA AGRICOLA ORIENTAL,08500,IZTACALCO,CIUDAD DE MEXICO
PRIVADA ESTRONCIO,377,COLONIA CUCHILLA PANTITLAN,15610,VENUSTIANO CARRANZA,CIUDAD DE MEXICO
EJE VIAL EJE 5 ORIENTE JAVIER ROJO GOMEZ,560,COLONIA EJIDOS DEL MORAL,09040,IZTAPALAPA,CIUDAD DE MEXICO
CALLE JOSE SIMON BOLIVAR,215,COLONIA INDEPENDENCIA,03630,BENITO JUAREZ,CIUDAD DE MEXICO
AVENIDA INSURGENTES SUR,1216,COLONIA TLACOMECATL DEL VALLE,03200,COYOACAN,CIUDAD DE MEXICO
CALLE PRIMER DINAMO,03,COLONIA PARAJE,10640,LA MAGDALENA CONTRERAS,CIUDAD DE MEXICO
CALLE SEGUNDO DINAMO,04,COLONIA PARAJE,10640,LA MAGDALENA CONTRERAS,CIUDAD DE MEXICO
CALLE ORIENTE 237-C,31,COLONIA AGRICOLA ORIENTAL,08500,IZTACALCO,CIUDAD DE MEXICO
CALLE MAGDALENO ITA,07,COLONIA AMPLIACION LA CONCHITA,13360,TLAHUAC,CIUDAD DE MEXICO
CALLE	SUR 89,247,COLONIA CACAMA,09080,IZTAPALAPA,CIUDAD DE MEXICO
CALLE MANUEL GONZALEZ,380,CONJUNTO HABITACIONAL EMILIZANO ZAPATA,06900,CUAUHTEMOC,CIUDAD DE MEXICO
CALLE JUAN LUCAS DE LASSAGA,54,COLONIA OBRERA,06800,CUAUHTEMOC,CIUDAD DE MEXICO
AVENIDA RIO CHURUBUSCO,274,COLONIA ACACIAS,03240,BENITO JUAREZ,CIUDAD DE MEXICO
CALLE NINGUNO,6,CONJUNTO HABITACIONAL CHINAM-PAC DE JUAREZ,09225,IZTAPALAPA,CIUDAD DE MEXICO
PERIFERICO BOULEVARD PRESIDENTE MANUEL AVILA CAMACHO,166,COLONIA LOMAS DE CHAPULTEPEC SECCION I,11000,MIGUEL HIDALGO,CIUDAD DE MEXICO
AVENIDA SANTA FE,0,COLONIA HUIXQUILUCAN,11520,CUAJIMALPA DE MORELOS,CIUDAD DE MEXICO
CALLE ROMERO DE TORREROS,440,COLONIA SANTA FE,11358,CUAJIMALPA DE MORELOS,CIUDAD DE MEXICO
CALLE BOSQUE DE LOS CIRUELOS,180,COLONIA BOSQUES DE LAS LOMAS,11700,MIGUEL HIDALGO,CIUDAD DE MEXICO
PERIFERICO BOULEVARD PRESIDENTE MANUEL AVILA CAMACHO,138,COLONIA LOMAS DE CHAPULTEPEC SECCION I,11100,MIGUEL HIDALGO,CIUDAD DE MEXICO
CALLE CALERO,76,COLONIA SAN ANGEL INN,01060,ALVARO OBREGON,CIUDAD DE MEXICO
CALLE SHAKESPEARE,39,COLONIA POLANCO CHAPULTEPEC,11560,MIGUEL HIDALGO,CIUDAD DE MEXICO
AVENIDA SANTA FE,170,COLONIA SANTA FE CENTRO,1210,ALVARO OBREGON,CIUDAD DE MEXICO
CALLE LAFAYETTE,36,COLONIA POLANCO,11590,MIGUEL HIDALGO,CIUDAD DE MEXICO
AVENIDA PASEO DE LAS PALMAS,425,COLONIA LOMAS DE CHAPULTEPEC,11000,MIGUEL HIDALGO,CIUDAD DE MEXICO
CALZADA DE GUADALUPE,285,COLONIA GUADALUPE TEPEYAC,07840,GUSTAVO A. MADERO,CIUDAD DE MEXICO
CALLE SAN BORJA,492,COLONIA NARVARTE,03600,BENITO JUAREZ,CIUDAD DE MEXICO
AVENIDA CALZADA GENERAL MARIANO ESCOBEDO,76,COLONIA NUEVA ANZURES,11590,MIGUEL HIDALGO,CIUDAD DE MEXICO
CALLE ANTONIO MAURA,174,COLONIA LA MODERNA,13510,BENITO JUAREZ,CIUDAD DE MEXICO
AVENIDA 1,30,COLONIA EDUCACION,04400,COYOACAN,CIUDAD DE MEXICO
CALLE HUMBOLDT,56,COLONIA CENTRO,06040,CUAUHTEMOC,CIUDAD DE MEXICO
AVENIDA PASEO DE LA REFORMA,389,CUAUHTEMOC,6500,CUAUHTEMOC,CIUDAD DE MEXICO
AVENIDA MIGUEL CERVANTES DE SAAVEDRA,533,COLONIA GRANADA,03800,BENITO JUAREZ,CIUDAD DE MEXICO
CALLE ARSENICO,555,COLONIA MORALES,11559,MIGUEL HIDALGO,CIUDAD DE MEXICO
CALLE LUIS GONZAGA URBINA,17,COLONIA POLANCO IV SECCION,11560,MIGUEL HIDALGO,CIUDAD DE MEXICO
CALLE ENRIQUE REBSAMEN,743,COLONIA NARVARTE PONIENTE,03020,BENITO JUAREZ,CIUDAD DE MEXICO
AVENIDA DEL ARBOL,106,COLONIA EL TRIANGULO,09769,IZTAPALAPA,CIUDAD DE MEXICO
CAMINO A LAS MINAS,09,COLONIA XALPA,03510,IZTAPALAPA,CIUDAD DE MEXICO
CALLE ARQUITECTO JESUS URQUIAGA,39,COLONIA POLANCO CHAPULTEPEC,11580,MIGUEL HIDALGO,CIUDAD DE MEXICO
CERRADA LOMA DE LA PALMA,39,COLONIA POLANCO CHAPULTEPEC,11580,MIGUEL HIDALGO,CIUDAD DE MEXICO
CALLE BOSQUE DE DURAZNOS,69,COLONIA BOSQUES DE LAS LOMAS,11700,MIGUEL HIDALGO,CIUDAD DE MEXICO
CALLE MARAVATIO,227,COLONIA CLAVERIA,02080,AZCAPOTZALCO,CIUDAD DE MEXICO
AVENIDA GENERAL PEDRO ANTONIO DE LOS SANTOS,02,COLONIA SAN MIGUEL CHAPULTEPEC,11850,MIGUEL HIDALGO,CIUDAD DE MEXICO
AVENIDA MOLIERE,222,COLONIA LOS MORALES SECCION PALMAS,11540,MIGUEL HIDALGO,CIUDAD DE MEXICO
AVENIDA HOMERO,231,COLONIA POLANCO,11540,MIGUEL HIDALGO,CIUDAD DE MEXICO
CALLE LUZ SAVINON,13,COLONIA DEL VALLE NORTE,3103,BENITO JUAREZ,CIUDAD DE MEXICO
CALLE SAN MARCOS,130,COLONIA LA JOYA,14000,TLALPAN,CIUDAD DE MEXICO
CALLE PALENQUE SAN BORJA,421,COLONIA VERTIZ NARVARTE,03600,BENITO JUAREZ,CIUDAD DE MEXICO
AVENIDA DE LAS PALMAS,820,COLONIA LOMAS DE CHAPULTEPEC,11000,MIGUEL HIDALGO,CIUDAD DE MEXICO
CALLE DURANGO,263,COLONIA ROMA NORTE,06700,CUAUHTEMOC,CIUDAD DE MEXICO
AVENIDA DEL IMAN,263,COLONIA AJUSCO,04300,COYOACAN,CIUDAD DE MEXICO
AVENIDA INSURGENTES SUR,682,COLONIA DEL VALLE NORTE,03103,BENITO JUAREZ,CIUDAD DE MEXICO
CALLE ARTICULO 123,56,COLONIA CENTRO,06040,CUAUHTEMOC,CIUDAD DE MEXICO
AVENIDA SECRETARIA DE MARINA,458,COLONIA LOMAS DEL CHAMIZAL,05129,CUAJIMALPA DE MORELOS,CIUDAD DE MEXICO
EJE 5 SUR (EUGENIA),421,COLONIA VERTIZ NARVARTE,03600,BENITO JUAREZ,CIUDAD DE MEXICO
CALLE BAHIA DE SAN HIPOLITO,12,COLONIA HUASTECA,11311,MIGUEL HIDALGO,CIUDAD DE MEXICO
AVENIDA BALDERAS,56,COLONIA CENTRO,06040,CUAUHTEMOC,CIUDAD DE MEXICO
CALLE NARCISO MENDOZA,56,COLONIA CENTRO,06040,CUAUHTEMOC,CIUDAD DE MEXICO
CALLE SINALOA,263,COLONIA ROMA,06700,CUAUHTEMOC,CIUDAD DE MEXICO
AVENIDA BRAULIO MALDONADO,556, COLONIA CONSEJO AGRARISTA MEXICANO, 09360, IZTAPALAPA,CIUDAD DE MEXICO
CALLE BAHIA DE BANDERAS,923,COLONIA CIUDAD HUASTECA,11311,MIGUEL HIDALGO,CIUDAD DE MEXICO
AVENIDA EJECITO NACIONAL MEXICANO,11,COLONIA LOS MORALES,11510,MIGUEL HIDALGO,CIUDAD DE MEXICO
ANDADOR PRIVADA DEL CASTILLON,421,COLONIA VERTIZ NARVARTE,03600,BENITO JUAREZ,CIUDAD DE MEXICO
CALLE F.C. DE CUERNAVACA,40,COLONIA LOMAS DE CHAPULTEPEC,11000,MIGUEL HIDALGO,CIUDAD DE MEXICO
CALLE JUAN RACINE,1133,COLONIA LOS MORALES,11510,MIGUEL HIDALGO,CIUDAD DE MEXICO
CALLE SIERRA MOJADA,405,COLONIA LOMAS DE CHAPULTEPEC I SECCION,11000,MIGUEL HIDALGO,CIUDAD DE MEXICO
EJE 8 SUR (CALZADA ERMITA IZTAPALAPA),07,COLONIA SANTA CRUZ MEYEHUALCO,09290,IZTAPALAPA,CIUDAD DE MEXICO
CIRCUITO INTERIOR (AVENIDA RIO CHURUBUSCO),00,COLONIA GABRIEL RAMOS MILLAN,08730,IZTACALCO,CIUDAD DE MEXICO
CALLE FRANCISCO CANO,14,EJERCITO DE ORIENTE,09230,IZTAPALAPA,CIUDAD DE MEXICO
BOULEVARD TEMOLUCO,27,RESIDENCIAL ACUEDUCTO DE GUADALUPE,07270,GUSTAVO A. MADERO,CIUDAD DE MEXICO
CALLE ACUEDUCTO DE GUADALUPE,03,RESIDENCIAL ACUEDUCTO DE GUADALUPE,07270,GUSTAVO A. MADERO,CIUDAD DE MEXICO
CALLE LIMANTITLA,04,COLONIA CENTRO DE TLALPAN,14000,TLALPAN,CIUDAD DE MEXICO
CALLE DOCTOR PASCUA,09,COLONIA DOCTORES,06720,CUAUHTEMOC,CIUDAD DE MEXICO
AVENIDA PRESIDENTE MASARYK,101,COLONIA CHAPULTEPEC MORALES,11560,MIGUEL HIDALGO,CIUDAD DE MEXICO
CALZADA DE LAS AGUILAS,03,COLONIA AMPLIACION LAS AGULAS,1759,ALVARO OBREGON,CIUDAD DE MEXICO
CALLE DIEGO NAVARIVA,476,COLONIA PRESIDENTES EJIDALES,04470,COYOACAN,CIUDAD DE MEXICO
CALLE PENSADOR MEXICANO,24,COLONIA GUERRERO,06300,CUAUHTEMOC,CIUDAD DE MEXICO
EJE VIAL,CENTRAL (LAZARO CARDENAS),16,COLONIA GUERRERO,06300,CUAUHTEMOC,CIUDAD DE MEXICO
AVENIDA 5 DE MAYO,06,COLONIA MERCED GOMEZ,01600,ALVARO OBREGON,CIUDAD DE MEXICO
CALLE SEBASTIAN LERDO DE TEJADA,08,COLONIA PRADO COAPA 1A SECCION,14350,TLALPAN,CIUDAD DE MEXICO
CALLE ACUEDUCTO SAN GREGORIO ATLAPULCO,05,PUEBLO SAN GREGORIO ATLAPULCO,16500,XOCHIMILCO,CIUDAD DE MEXICO
CALLE 16 DE SEPTIEMBRE,01,COLONIA SAN ANDRES TOTOLTEPEC,14400,TLALPAN,CIUDAD DE MEXICO
CALLE DZEMUL,02,COLONIA PEDREGAL DE SAN NICOLAS TERCERA SECCION,14100,TLALPAN,CIUDAD DE MEXICO
AVENIDA NUEVA XOCHIMILCO-TULYEHUALCO,07,COLONIA XOCHIPILLI,16430,XOCHIMILCO,CIUDAD DE MEXICO
CALLE NICOLAS SAN JUAN,08,COLONIA PIEDAD NARVARTE,03000,BENITO JUAREZ, CIUDAD DE MEXICO
CALLE,12,CIRCUITO,INTERIOR (AVENIDA RÃO CHURUBUSCO),CALLE,SEGUNDA CERRADA 10,CIRCUITO,INTERIOR (AVENIDA RÃO CHURUBUSCO),0,COLONIA GRANJAS DE SAN ANTONIO,,,9070,IZTAPALAPA,CIUDAD DE MEXICO
AVENIDA,DE LAS NACIONES,AVENIDA,INSURGENTES SUR,CALLE,DAKOTA,CALLE,FILADELFIA,38,COLONIA,NÃPOLES,,WTC,3813,CIUDAD DE MÃ‰XICO,Benito JuÃ¡rez,Benito JuÃ¡rez
AVENIDA,RÃO GUADALUPE,AVENIDA,RÃO GUADALUPE,AVENIDA,RÃO GUADALUPE,OTRA (ESPECIFICAR),NINGUNO,54,COLONIA,SAN PEDRO EL CHICO,,,7450,GUSTAVO A. MADERO,CIUDAD DE MEXICO
CIRCUITO,BICENTENARIO (PROFESOR JOSÃ‰ VASCONCELOS),CALLE,ALFONSO REYES,CIRCUITO,BICENTENARIO (DIAGONAL PATRIOTISMO),CIRCUITO,BICENTENARIO (PROFESOR JOSÃ‰ VASCONCELOS),0,COLONIA CONDESA,,,6140,CIUDAD DE MÃ‰XICO,CuauhtÃ©moc,CuauhtÃ©moc
CALLE,SAN DIEGO,CALLE,IGNACIO ZARAGOZA,CALLE,NINGUNO,CALLE,CEDROS,0,PUEBLO,SAN JERÃ“NIMO MIACATLÃN,,,12600,CIUDAD DE MÃ‰XICO,Milpa Alta,San Francisco Tecoxpa
CALLE,NINGUNO,CALLE,ANTIGUO CANAL CUEMANCO,CALLE,ANTIGUO CANAL CUEMANCO,CALLE,NINGUNO,0,COLONIA,CUEMANCO XOCHIMILCO,,,16034,CIUDAD DE MÃ‰XICO,Xochimilco,Xochimilco
AVENIDA,GAVILÃN,AVENIDA,GAVILÃN,CALLE,JAVIER MINA,CALLE,SEGUNDA CERRADA JAVIER ROJO GÃ“MEZ,0,COLONIA,BARRIO SAN MIGUEL,,,9360,IZTAPALAPA,CIUDAD DE MEXICO
AVENIDA,TELECOMUNICACIONES,CERRADA,TERCERA DE TELECOMUNICACIONES,CERRADA,NINGUNO,,NINGUNO,0,COLONIA,LEYES DE REFORMA,,,9310,IZTAPALAPA,CIUDAD DE MEXICO
CALLE,NINGUNO,CALLE,NINGUNO,CALLE,NINGUNO,CALLE,NINGUNO,0,COLONIA,GUADALUPE DEL MORAL,CENTRAL DE ABASTO,,9040,IZTAPALAPA,CIUDAD DE MEXICO
AVENIDA,DEL PARAÃSO,CALLE,SEGUNDA CERRADA HUEXOTITLA,CALLE,OJO DE AGUA,CALLE,PAPATZIN,00,COLONIA EJIDOS DE SAN PEDRO MARTIR,14640,TLALPAN,CIUDAD DE MEXICO
AVENIDA,CANAL NACIONAL,CALZADA,DE LAS BOMBAS,CALLE,NINGUNO,CALLE,CANDELARIA PÃ‰REZ,0,UNIDAD HABITACIONAL,CTM CULHUACÃN SECCIÃ“N 8,,,4480,CIUDAD DE MÃ‰XICO,CoyoacÃ¡n,CoyoacÃ¡n
CALLE,PINO,,DALIA,,CANAL,CALLEJÃ“N,NINGUNO,0,BARRIO,SAN ESTEBAN,,,16080,CIUDAD DE MÃ‰XICO,Xochimilco,Xochimilco
AVENIDA,5 DE MAYO,CERRADA,CERRADA 5 DE MAYO,CERRADA,FRANCISCO Y MADERO,CALLE,CAMINO A TEMOTLI,0,BARRIO,SANTIAGUITO APÃ“STOL,,,16700,CIUDAD DE MÃ‰XICO,Xochimilco,Xochimilco
CALLE,EMILIANO ZAPATA,CALLE,AGUA DULCE,CALLE,CANAL SECO,CALLE,NINGUNO,0,PUEBLO,SAN NICOLÃS TETELCO,,,13700,CIUDAD DE MÃ‰XICO,TlÃ¡huac,San NicolÃ¡s Tetelco
CALLE,16 DE SEPTIEMBRE,CALLE,TONALCALTEPEC,,TONALCATEPEC,PRIVADA,DEL HUERTO,0,PUEBLO,SAN LUIS TLAXIALTEMALCO,,,16610,CIUDAD DE MÃ‰XICO,Xochimilco,Xochimilco
CALLE,ESCARCHA (NORTE 3),AVENIDA,AGUSTÃN LARA,AVENIDA,CALZADA REFORMA AGRARIA,AVENIDA,TIERRA Y LIBERTAD,0,COLONIA,SAN JOSE,,,13020,CIUDAD DE MÃ‰XICO,TlÃ¡huac,TlÃ¡huac
AVENIDA,CAMINO MINAS,AVENIDA,MINAS 39,CALLE,TERCERA CERRADA DE MINAS,,NINGUNO,501,COLONIA,REACOMODO EL CUERNITO,PARQUE INDUSTRIAL,BODEGAS,1280,CIUDAD DE MÃ‰XICO,Ãlvaro ObregÃ³n,Ãlvaro ObregÃ³n
,PASEO DE LOS TAMARINDOS,,BOSQUE DE PIÃ‘ONEROS,OTRA (ESPECIFICAR),BOSQUE DE ALISOS,CALLE,PASEO DE LAURELES,90,CIUDAD,BOSQUES DE LAS LOMAS,,,5120,CIUDAD DE MÃ‰XICO,Cuajimalpa de Morelos,Cuajimalpa de Morelos
,PASEO DE LOS TAMARINDOS,,BOSQUE DE PIÃ‘ONEROS,OTRA (ESPECIFICAR),BOSQUE DE ALISOS,CALLE,Z,90,COLONIA,BOSQUES DE LAS LOMAS,,,,CIUDAD DE MÃ‰XICO,Cuajimalpa de Morelos,Cuajimalpa de Morelos
,PASEO DE LOS TAMARINDOS,,BOSQUE DE PIÃ‘ONEROS,OTRA (ESPECIFICAR),BOSQUE DE ALISOS,CALLE,Z,90,COLONIA,BOSQUES DE LAS LOMAS,,,,CIUDAD DE MÃ‰XICO,Cuajimalpa de Morelos,Cuajimalpa de Morelos
,PASEO DE LA REFORMA,,RÃO ELBA,OTRA (ESPECIFICAR),RÃO RÃ“DANO,CALLE,RÃO ATOYAC,505,PROLONGACIÃ“N,PASEO DE LA REFORMA,,,6500,CIUDAD DE MÃ‰XICO,CuauhtÃ©moc,CuauhtÃ©moc
CALLE,NAUTLA,,NINGUNO,AVENIDA,SAN LORENZO,CALLE,ESTRELLA,0,COLONIA,EL RODEO,,,9850,CIUDAD DE MÃ‰XICO,Iztapalapa,Iztapalapa
,PASEO DE LA REFORMA,,RÃO ELBA,OTRA (ESPECIFICAR),RÃO RÃ“DANO,CALLE,RÃO ATOYAC,505,PROLONGACIÃ“N,PASEO DE LA REFORMA,,,6500,CIUDAD DE MÃ‰XICO,CuauhtÃ©moc,CuauhtÃ©moc
,PASEO DE LA REFORMA,,RÃO ELBA,OTRA (ESPECIFICAR),RÃO RÃ“DANO,CALLE,RÃO ATOYAC,505,PROLONGACIÃ“N,PASEO DE LA REFORMA,,,6500,CIUDAD DE MÃ‰XICO,CuauhtÃ©moc,CuauhtÃ©moc
,PASEO DE LA REFORMA,,RÃO ELBA,OTRA (ESPECIFICAR),RÃO RÃ“DANO,CALLE,RÃO ATOYAC,505,PROLONGACIÃ“N,PASEO DE LA REFORMA,,,6500,CIUDAD DE MÃ‰XICO,CuauhtÃ©moc,CuauhtÃ©moc
AVENIDA,RÃ“MULO OFARRIL,CALLE,NINGUNO,CALLE,ANA MARIA GALLEGA,AVENIDA,TORRES DE IXTAPANTONGO,372,COLONIA,MIGUEL HIDALGO,,,1789,CIUDAD DE MÃ‰XICO,Ãlvaro ObregÃ³n,Ãlvaro ObregÃ³n
AVENIDA,ANDRÃ‰S MOLINA ENRÃQUEZ (EJE 1 ORIENTE),CALLE,PRIMERA CERRADA DE PORTO ALEGRE,EJE VIAL,EJE 6 SUR (PLAYA PIE DE LA CUESTA),CALLE,PRIMERA CERRADA DE PORTO ALEGRE,977,COLONIA,EL RETOÃ‘O,,,9440,CIUDAD DE MÃ‰XICO,Iztapalapa,Iztapalapa
CALZADA,DEL HUESO,CALLE,MIRADOR,CALLE,HACIENDA SANTA CECILIA,CALLE,HACIENDA VISTA HERMOSA,960,COLONIA,VILLA QUIETUD,,,4960,CIUDAD DE MÃ‰XICO,CoyoacÃ¡n,CoyoacÃ¡n
AVENIDA,EJE 5 SUR (LEYES DE REFORMA),CALLE,16 DE MARZO DE 1861,CALLE,15 DE JUNIO DE 1861,CALLE,BATALLA PASO DE OVEJAS,0,COLONIA,LEYES DE REFORMA,,,9310,CIUDAD DE MÃ‰XICO,Iztapalapa,Iztapalapa
CALLE,LÃZARO PAVÃA,,LUIS L. PARDO,AVENIDA,FRAY SERVANDO TERESA DE MIER,EJE VIAL,3 ORIENTE (FRANCISCO DEL PASO Y TRONCOSO),0,COLONIA,JARDIN BALBUENA,,,15900,CIUDAD DE MÃ‰XICO,Venustiano Carranza,Venustiano Carranza
CERRADA,MILITARES,CALLE,HUALQUILA,CALLE,NINGUNO,AVENIDA,RÃO CHURUBUSCO EJE 4 ORIENTE,560,COLONIA,GUADALUPE DEL MORAL,CENTRAL DE ABASTO,CENTRAL DE ABASTOS DE LA CIUDAD DE MÃ‰XICO,9040,CIUDAD DE MÃ‰XICO,Iztapalapa,Iztapalapa
AVENIDA,INSURGENTES SUR,CALLE,ACTIPAN,CALLE,ALGECIRAS,CALLE,SAGREDO,1391,COLONIA,INSURGENTES MIXCOAC,,,3920,CIUDAD DE MÃ‰XICO,Benito JuÃ¡rez,Benito JuÃ¡rez
CALLE,GUILLERMO GONZÃLEZ CAMARENA,CALLE,ERNESTO DOMÃNGUEZ A.,CALLE,ERNESTO DOMÃNGUEZ A.,CALLE,NINGUNO,1100,COLONIA,CENTRO DE SANTA FÃ‰,,,1210,CIUDAD DE MÃ‰XICO,Ãlvaro ObregÃ³n,Ãlvaro ObregÃ³n
CALZADA,TICOMÃN,,CONSTITUCIÃ“N DE 1857,CALLE,PLAN DE GUADALUPE,CALLE,PLAN DE ACATEMPAN,0,COLONIA,SANTA MARIA TICOMAN,,,7330,CIUDAD DE MÃ‰XICO,Gustavo A. Madero,Gustavo A. Madero
AVENIDA,ANDRÃ‰S MOLINA ENRÃQUEZ (EJE 1 ORIENTE),CALLE,PORTO ALEGRE,EJE VIAL,EJE 6 SUR (PLAYA PIE DE LA CUESTA),CALLE,PRIMERA CERRADA DE PORTO ALEGRE,977,COLONIA,EL RETOÃ‘O,,,9440,CIUDAD DE MÃ‰XICO,Iztapalapa,Iztapalapa
CALLE,ELECTRICISTAS,EJE VIAL,3 ORIENTE (INGENIERO EDUARDO MOLINA),CALLE,VULCANIZACIÃ“N,CALLE,ELECTRICISTAS,204,COLONIA,20 DE NOVIEMBRE,EDIFICIO COMERCIAL Y DE SERVICIOS,CFE,15300,CIUDAD DE MÃ‰XICO,Venustiano Carranza,Venustiano Carranza
AVENIDA,PASEO DE LAS PALMAS,CALLE,MONTE CAMERÃšM,CALLE,SIERRA MOJADA,AVENIDA,HORACIO,239,COLONIA,LOMAS DE CHAPULTEPEC III SECCIÃ“N,,,11000,CIUDAD DE MÃ‰XICO,Miguel Hidalgo,Miguel Hidalgo
CIRCUITO,BICENTENARIO (BOULEVARD PUERTO AÃ‰REO),CALLE,NORTE 3,AVENIDA,CALZADA GENERAL IGNACIO ZARAGOZA,CALLE,23,270,COLONIA,SANTA CRUZ AVIACIÃ“N,,,15710,CIUDAD DE MÃ‰XICO,Venustiano Carranza,Venustiano Carranza
AVENIDA,SONORA,CALLE,DURANGO,CALLE,SINALOA,CALLE,DURANGO,202,COLONIA,ROMA NORTE,,,6700,CIUDAD DE MÃ‰XICO,CuauhtÃ©moc,CuauhtÃ©moc
AVENIDA,DIVISIÃ“N DEL NORTE,CALLE,CALZADA CANDELARIA,CERRADA,DEL RASTRO,AVENIDA,PACÃFICO,2237,COLONIA,EL ROSEDAL,,,4330,CIUDAD DE MÃ‰XICO,CoyoacÃ¡n,CoyoacÃ¡n
AVENIDA,JOSÃ‰ MARÃA CASTORENA,CALLE,NINGUNO,CALLE,ANTONIO ANCONA,CARRETERA,FEDERAL MÃ‰XICO-TOLUCA (PROLONGACIÃ“N PASEO DE LA REFORMA),425,COLONIA,CUAJIMALPA,,,5000,CIUDAD DE MÃ‰XICO,Cuajimalpa de Morelos,Cuajimalpa de Morelos
EJE VIAL,1 ORIENTE (AVENIDA CANAL DE MIRAMONTES),AVENIDA,CANAL DE MIRAMONTES,CALLE,SIENA,CALLE,SAVONA,123,COLONIA,RESIDENCIAL ACOXPA,,,14300,CIUDAD DE MÃ‰XICO,Tlalpan,Tlalpan
CALLE,ESTRELLA,AVENIDA,SAN LORENZO,,NINGUNO,,NINGUNO,0,COLONIA,EL RODEO,,,9850,CIUDAD DE MÃ‰XICO,Iztapalapa,Iztapalapa
AVENIDA,EJE 8 SUR (CALZADA ERMITA IZTAPALAPA),CALLE,PARAÃSO,CALLE,TRIGO,CALLE,MAÃZ,3417,COLONIA,XALPA,CENTRO O PLAZA COMERCIAL,PLAZA ERMITA,9640,CIUDAD DE MÃ‰XICO,Iztapalapa,Iztapalapa
CALLE,NAUTLA,,NINGUNO,AVENIDA,SAN LORENZO,,NINGUNO,0,COLONIA,EL RODEO,,,9850,CIUDAD DE MÃ‰XICO,Iztapalapa,Iztapalapa
CALLE,UNIÃ“N,CALLE,2,CALLE,1,CALLE,GUADALUPE,0,COLONIA,AGRICOLA PANTITLAN,,,8100,CIUDAD DE MÃ‰XICO,Iztacalco,Iztacalco
AVENIDA,MIGUEL OTHÃ“N DE MENDIZABAL ORIENTE,AVENIDA,MIGUEL OTHÃ“N DE MENDIZABAL,PRIVADA,NINGUNO,EJE VIAL,CENTRAL (LÃZARO CARDENAS),166,UNIDAD HABITACIONAL,PONIENTE 152,,,7720,CIUDAD DE MÃ‰XICO,Gustavo A. Madero,Gustavo A. Madero
CALLE,CLAUDIO BERNARD,CALLE,DOCTOR RAFAEL LUCIO,AVENIDA,NIÃ‘OS HÃ‰ROES,CALLE,DOCTOR LAVISTA,0,COLONIA,DOCTORES,,,6720,CIUDAD DE MÃ‰XICO,CuauhtÃ©moc,CuauhtÃ©moc
AVENIDA,DOCTOR JOSÃ‰ MARÃA VÃ‰RTIZ,CALLE,DOCTOR MÃRQUEZ,,DR. ARCE,CALLE,DOCTOR AGUSTÃN ANDRADE,0,COLONIA,DOCTORES,,,6720,CIUDAD DE MÃ‰XICO,CuauhtÃ©moc,CuauhtÃ©moc
AVENIDA,RICARDO FLORES MAGÃ“N,EJE VIAL,1 PONIENTE (GUERRERO),CALLE,ZARAGOZA,CALLE,72,130,COLONIA,GUERRERO,PLAZUELA COMERCIAL,PLAZA TERRANOVA,6300,CIUDAD DE MÃ‰XICO,CuauhtÃ©moc,CuauhtÃ©moc
CALLE,SAN PEDRO ACTOPAN,CALLE,ACUEDUCTO SAN GREGORIO ATLAPULCO,CALLE,LÃZARO CÃRDENAS,CALLE,TEPEYAC,0,COLONIA,SAN GREGORIO ATLAPULCO,,,16600,CIUDAD DE MÃ‰XICO,Xochimilco,Xochimilco
CARRETERA,FEDERAL A CUERNAVACA,CALLE,LAUREL,CALLE,5 DE MAYO,CALLE,PROLONGACIÃ“N 5 DE MAYO,5625,COLONIA,SAN PEDRO MÃRTIR,,,14650,CIUDAD DE MÃ‰XICO,Tlalpan,Tlalpan
AVENIDA,CENTRAL DE ABASTOS,CALLE,TLAPALEROS,AVENIDA,EJE 5 SUR (LEYES DE REFORMA),AVENIDA,RÃO CHURUBUSCO EJE 4 ORIENTE,0,COLONIA,EJIDOS DEL MORAL,,,9040,CIUDAD DE MÃ‰XICO,Iztapalapa,Iztapalapa
CALZADA,DE GUADALUPE,AVENIDA,NOE,CALLE,SAMEL,CALLEJÃ“N,ALICIA,0,COLONIA,GUADALUPE TEPEYAC,,,7840,CIUDAD DE MÃ‰XICO,Gustavo A. Madero,Gustavo A. Madero
AVENIDA,20 DE NOVIEMBRE,CALLE,GÃRGOLAS,CALLE,14 DE JULIO,CALLE,MÃRTIRES DE CHICAGO,139,COLONIA,TIERRA NUEVA,,,16030,CIUDAD DE MÃ‰XICO,Xochimilco,Xochimilco
CALLE,TLAPALEROS,AVENIDA,CENTRAL DE ABASTOS,AVENIDA,RÃO CHURUBUSCO EJE 4 ORIENTE,AVENIDA,EJE 5 SUR (LEYES DE REFORMA),0,COLONIA,EJIDOS DEL MORAL,,,9040,CIUDAD DE MÃ‰XICO,Iztapalapa,Iztapalapa
EJE VIAL,2 SUR (JUAN ESCUTIA),CIRCUITO,BICENTENARIO JOSÃ‰ VASCONCELOS,CIRCUITO,BICENTENARIO JOSÃ‰ VASCONCELOS,EJE VIAL,2 SUR (JUAN ESCUTIA),0,COLONIA,CONDESA,,,6140,CIUDAD DE MÃ‰XICO,CuauhtÃ©moc,CuauhtÃ©moc
CALLE,ALBAÃ‘ILES,CALLE,TOLTECAS,CALLE,JACARANDAS,CALLE,DEL PESCADITO,0,UNIDAD HABITACIONAL,EL ROSARIO,,,2100,CIUDAD DE MÃ‰XICO,Azcapotzalco,Azcapotzalco
EJE VIAL,5 SUR (EUGENIA),CALLE,ZEMPOALA,EJE VIAL,CENTRAL LÃZARO CÃRDENAS,CALLE,CONCEPCIÃ“N BEISTEGUI,197,COLONIA,NARVERTE ORIENTE,,CONDOMINIO EMPRESARIAL RAFAEL,3020,CIUDAD DE MÃ‰XICO,Benito JuÃ¡rez,Benito JuÃ¡rez
,JAIME BALMES,,HOMERO,OTRA (ESPECIFICAR),EJÃ‰RCITO NACIONAL MEXICANO,CALLE,LUIS VIVES,8,COLONIA,LOS MORALES POLANCO,,,,CIUDAD DE MÃ‰XICO,Miguel Hidalgo,Miguel Hidalgo
AVENIDA,HOMERO,CALLE,TEMÃSTOCLES,CALLE,GALILEO,CALLE,TEMÃSTOCLES,246,COLONIA,POLANCO REFORMA,,,11550,CIUDAD DE MÃ‰XICO,Miguel Hidalgo,Miguel Hidalgo
CALLE,JOSÃ‰ J. JASSO,AVENIDA,EMILIO CARRANZA,CALLE,LUIS PRECIADO DE LA TORRE,CALLE,CARLOS SANTANA,0,COLONIA,MOCTEZUMA 1A SECCIÃ“N,,,15500,CIUDAD DE MÃ‰XICO,Venustiano Carranza,Venustiano Carranza
CALLE,LAGO PÃTZCUARO,AVENIDA,MARINA NACIONAL,CALLE,LAGUNA DE MAYRAN,AVENIDA,TIZOC,0,COLONIA,ANAHUAC,,,11320,CIUDAD DE MÃ‰XICO,Miguel Hidalgo,Miguel Hidalgo
CALLE,RÃO RÃ“DANO,CALLE,RÃO LERMA,CALLE,RÃO ATOYAC,CALLE,RÃO ELBA,14,COLONIA,CUAUHTÃ‰MOC,,,6500,CIUDAD DE MÃ‰XICO,CuauhtÃ©moc,CuauhtÃ©moc
CALZADA,SAN SIMÃ“N,AVENIDA,INSURGENTES NORTE,CALLE,GERANIO,CALLE,GERANIO,234,COLONIA,ATLAMPA,,,6450,CIUDAD DE MÃ‰XICO,CuauhtÃ©moc,CuauhtÃ©moc
PROLONGACIÃ“N,TOPACIO,EJE VIAL,3 SUR (CALZADA DE CHABACANO),CALLE,JUAN A. MATEOS,CALLE,JUAN A. MATEOS,0,COLONIA,VISTA ALEGRE,,,6860,CIUDAD DE MÃ‰XICO,CuauhtÃ©moc,CuauhtÃ©moc
CALLE,PRESA FALCÃ“N,AVENIDA,MIGUEL DE CERVANTES SAAVEDRA,CALLE,PRESA LAS LAJAS,CALLE,LAGO ZÃšRICH,0,COLONIA,AMPLIACIÃ“N GRANADA,,,11529,CIUDAD DE MÃ‰XICO,Miguel Hidalgo,Miguel Hidalgo
EJE VIAL,3 NORTE (CUITLÃHUAC),AVENIDA,DE LAS GRANJAS,CALLE,GRANJAS,CALLE,SALÃ“NICA,300,COLONIA,JARDÃN AZPEITIA,,,2530,CIUDAD DE MÃ‰XICO,Azcapotzalco,Azcapotzalco
AVENIDA,MIGUEL ÃNGEL DE QUEVEDO,CALLE,AVENIDA MELCHOR OCAMPO,CALLE,PSI,CALLE,ETA,560,COLONIA,OXTOPULCO,,MEGA COMERCIAL MEXICANA,4318,CIUDAD DE MÃ‰XICO,CoyoacÃ¡n,CoyoacÃ¡n
CALLE,TLÃLOC,CALLE,HERRADURA,CALLE,TLÃLOC,AVENIDA,ARTEAGA Y SALAZAR,0,COLONIA,CONTADERO,,,5500,CIUDAD DE MÃ‰XICO,Cuajimalpa de Morelos,Cuajimalpa de Morelos
AVENIDA,SANTA ANA,CALLE,EJIDO CHURUBUSCO,CALLE,EJIDO SANTA CRUZ ATOYAC,CALLE,EJIDO CULHUACÃN,294,COLONIA,EJIDO DE SAN FRANCISCO CULHUACÃN,,,4420,CIUDAD DE MÃ‰XICO,CoyoacÃ¡n,CoyoacÃ¡n
AVENIDA,INSURGENTES SUR,CALLE,LLANURA,,NINGUNO,PRIVADA,ZACATÃ‰PETL,3177,COLONIA,INSURGENTES CUICUILCO,,,4530,CIUDAD DE MÃ‰XICO,CoyoacÃ¡n,CoyoacÃ¡n
EJE VIAL,5 SUR (EUGENIA),CALLE,ZEMPOALA,EJE VIAL,CENTRAL LÃZARO CÃRDENAS,CALLE,CONCEPCIÃ“N BEISTEGUI,197,COLONIA,NARVERTE ORIENTE,EDIFICIO COMERCIAL Y DE SERVICIOS,CONDOMINIO EMPRESARIAL RAFAEL,3020,CIUDAD DE MÃ‰XICO,Benito JuÃ¡rez,Benito JuÃ¡rez
CALLE,AUGUSTO RODIN,CALLE,PORFIRIO DÃAZ,CALLE,HOLBEIN,AVENIDA,PATRIOTISMO,265,COLONIA,SAN JUAN MIXCOAC,,,3730,CIUDAD DE MÃ‰XICO,Benito JuÃ¡rez,Benito JuÃ¡rez
CIRCUITO,INTERIOR (AVENIDA REVOLUCIÃ“N),CALLE,SARTO,CALLE,VAN DICK,CALLE,MIGUEL ÃNGEL BUONARROTI,825,COLONIA,NONOALCO,,,3700,CIUDAD DE MÃ‰XICO,Benito JuÃ¡rez,Benito JuÃ¡rez
CIRCUITO,INTERIOR (AVENIDA RÃO CHURUBUSCO),CIRCUITO,INTERIOR (AVENIDA RÃO CHURUBUSCO),CIRCUITO,INTERIOR (AVENIDA RÃO CHURUBUSCO),CIRCUITO,INTERIOR (AVENIDA RÃO CHURUBUSCO),0,COLONIA,XOCO,,,3330,CIUDAD DE MÃ‰XICO,Benito JuÃ¡rez,Benito JuÃ¡rez
CALLE,MARTÃN MENDALDE,AVENIDA,UNIVERSIDAD,CALLE,LÃ“PEZ COTILLA,CALLE,MAYORAZGO HIGUERA,1789,COLONIA,ACACIAS,,,3240,CIUDAD DE MÃ‰XICO,Benito JuÃ¡rez,Benito JuÃ¡rez
CALLE,ROMERO DE TERREROS,CALLE,MIER Y PESADO,EJE VIAL,3 PONIENTE (AMORES),EJE VIAL,4 SUR (XOLA),724,COLONIA,DEL VALLE NORTE,,,3103,CIUDAD DE MÃ‰XICO,Benito JuÃ¡rez,Benito JuÃ¡rez
EJE VIAL,3 PONIENTE (RÃO MISSISSIPI),CALLE,RÃO ATOYAC,CALLE,RÃO LERMA,CALLE,RÃO DE LA PLATA,71,COLONIA,CUAUHTÃ‰MOC,,,6500,CIUDAD DE MÃ‰XICO,CuauhtÃ©moc,CuauhtÃ©moc
CALLE,5 DE MAYO,PEATONAL,PROLONGACIÃ“N DE LAUREL,CERRADA,PROLONGACIÃ“N 5 DE MAYO,CERRADA,PROLONGACIÃ“N 5 DE MAYO,0,COLONIA,SAN PEDRO MÃRTIR,,,14650,CIUDAD DE MÃ‰XICO,Tlalpan,Tlalpan
CALLE,BOULEVARD PICACHO AJUSCO,CALLE,CARDOS,CALLE,HORTENSIA,CALLE,HORTENSIA,201,COLONIA,AMPLIACIÃ“N MIGUEL HIDALGO CUARTA SECCIÃ“N,,,14250,CIUDAD DE MÃ‰XICO,Tlalpan,Tlalpan
CALZADA,INSURGENTES SUR,CALLE,TETITLA,CALLE,NINGUNO,CALLE,TETITLA,3702,COLONIA,TLALPAN CENTRO,,,14000,CIUDAD DE MÃ‰XICO,Tlalpan,Tlalpan
CALLE,PUENTE DE PIEDRA,CALLE,CUAUHTÃ‰MOC,CALLE,PEÃ‘A POBRE,AVENIDA,RENATO LEDUC,21,COLONIA,TORIELLO GUERRA,,,14050,CIUDAD DE MÃ‰XICO,Tlalpan,Tlalpan
AVENIDA,EJE 8 SUR (CALZADA ERMITA IZTAPALAPA),CALLE,ALBERTO M. GONZÃLEZ,CALLE,NINGUNO,CALLE,NINGUNO,2186,COLONIA,CONSTITUCIÃ“N DE 1917,,,9660,CIUDAD DE MÃ‰XICO,Iztapalapa,Iztapalapa
AVENIDA,EJE 8 SUR (CALZADA ERMITA IZTAPALAPA),CALLE,SAN LORENZO,CALLE,FUNDICIÃ“N,CALLE,CAMINO REAL A SAN LORENZO,1635,COLONIA,EL MANTO,,,9830,CIUDAD DE MÃ‰XICO,Iztapalapa,Iztapalapa
CALLE,ORIENTE 257,CALLE,3 CERRADA DE ORIENTE,AVENIDA,CALZADA GENERAL IGNACIO ZARAGOZA,CALLE,ORIENTE 259,0,COLONIA,AGRICOLA ORIENTAL,,,8500,CIUDAD DE MÃ‰XICO,Iztacalco,Iztacalco
CALLE,HUITZITL,AVENIDA,INSURGENTES NORTE,CALLE,QUETZALCÃ“ATL,AVENIDA,INSURGENTES NORTE,0,COLONIA,SANTA ISABEL TOLA,,,7010,CIUDAD DE MÃ‰XICO,Gustavo A. Madero,Gustavo A. Madero
AVENIDA,MIGUEL OTHÃ“N DE MENDIZABAL ORIENTE,AVENIDA,MIGUEL OTHÃ“N DE MEDIZABAL ORIENTE,CALLE,JUAN DE DIOS BÃTIZ,CALLE,MARÃA LUISA ESTAMPA ORTIGOZA,343,COLONIA,NUEVA INDUSTRIAL VALLEJO,CENTRO O PLAZA COMERCIAL,PLAZA TORRES LINDAVISTA,7700,CIUDAD DE MÃ‰XICO,Gustavo A. Madero,Gustavo A. Madero
CALZADA,VALLEJO EJE 1 PONIENTE,CALLE,CENTRAL,AVENIDA,ACUEDUCTO DE TENAYUCA,CALLE,ACUEDUCTO DE TENAYUCA,2004,COLONIA,SAN JOSÃ‰ DE LA ESCALERA,PLAZUELA COMERCIAL,PLAZA TENAYUCA,7630,CIUDAD DE MÃ‰XICO,Gustavo A. Madero,Gustavo A. Madero
CALZADA,VALLEJO EJE 1 PONIENTE,,ACUEDUCTO DE TENAYUCA,CALLE,CUAUHTÃ‰MOC,CALLE,ACUEDUCTO DE TENAYUCA,2004,COLONIA,SAN JOSÃ‰ DE LA ESCALERA,MERCADO PÃšBLICO,SIN NOMBRE,7630,CIUDAD DE MÃ‰XICO,Gustavo A. Madero,Gustavo A. Madero
CALLE,ÃLVARO OBREGÃ“N,EJE VIAL,2 ORIENTE (CALZADA DE LA VIGA),CALLE,RECREO,EJE VIAL,2 ORIENTE (CALZADA DE LA VIGA),0,COLONIA,SANTA ANITA,,,8300,CIUDAD DE MÃ‰XICO,Iztacalco,Iztacalco
CALLE,MOCTEZUMA,EJE VIAL,1 ORIENTE (AVENIDA FERROCARRIL HIDALGO),CALLE,MIER Y PESADO,CALLE,NEZAHUALCÃ“YOTL,41,COLONIA,ARAGON LA VILLA,,,7000,CIUDAD DE MÃ‰XICO,Gustavo A. Madero,Gustavo A. Madero
CALZADA,VALLEJO EJE 1 PONIENTE,CALLE,GODARD,CALLE,BRAHMS,CALLE,MARTÃNEZ DE LA TORRE,341,COLONIA,HÃ‰ROES DE NACOZARI,,,7780,CIUDAD DE MÃ‰XICO,Gustavo A. Madero,Gustavo A. Madero
EJE VIAL,3 SUR (AÃ‘IL),CIRCUITO,INTERIOR (AVENIDA RÃO CHURUBUSCO),CALLE,GOMA,CALLE,AVENA,465,COLONIA,GRANJAS MÃ‰XICO,,,8400,CIUDAD DE MÃ‰XICO,Iztacalco,Iztacalco
AVENIDA,CALZADA DE TLALPAN,AVENIDA,CORUÃ‘A,AVENIDA,CALZADA SANTA ANITA,CALLE,ANICETO DE ZAMACOIS,474,COLONIA,VIADUCTO PIEDAD,,,8200,CIUDAD DE MÃ‰XICO,Iztacalco,Iztacalco
CALZADA,DE LAS ÃGUILAS,CALLE,ESCOLLO,AVENIDA,DE LAS ÃGUILAS,CALLE,ESTRECHO,807,COLONIA,AMPLIACIÃ“N LAS ÃGULAS,,,1740,CIUDAD DE MÃ‰XICO,Ãlvaro ObregÃ³n,Ãlvaro ObregÃ³n
AVENIDA,TOLUCA,,NINGUNO,AVENIDA,TOLUCA,CALLE,SAN JUAN,585,COLONIA,OLIVAR DE LOS PADRES,PLAZUELA COMERCIAL,PLAZA SQUARE,1780,CIUDAD DE MÃ‰XICO,Ãlvaro ObregÃ³n,Ãlvaro ObregÃ³n
CALLE,SEVERIANO CENICEROS,CALLE,AQUILES SERDÃN,CALLE,CUAUHTÃ‰MOC,CALLE,AQUILES SERDÃN,0,BARRIO,SAN MATEO,,,13040,CIUDAD DE MÃ‰XICO,TlÃ¡huac,TlÃ¡huac
CALLE,HÃ‰ROES FERROCARRILEROS,CALLE,DOCTOR ENRIQUE GONZÃLEZ MARTÃNEZ,CALLE,DOCTOR MARIANO AZUELA,CALLE,AMADO NERVO,43,COLONIA,SANTA MARÃA LA RIBERA,,,6400,CIUDAD DE MÃ‰XICO,CuauhtÃ©moc,CuauhtÃ©moc
AVENIDA,PASEO DE LA REFORMA,CALLE,LUCERNA,AVENIDA,INSURGENTES SUR,CALLE,VIENA,164,COLONIA,JUÃREZ,,,6600,CIUDAD DE MÃ‰XICO,CuauhtÃ©moc,CuauhtÃ©moc
,PASEO DE LA REFORMA,,LUCERNA,OTRA (ESPECIFICAR),INSURGENTES SUR,CALLE,VIENA,164,COLONIA,JUAREZ,,,,CIUDAD DE MÃ‰XICO,CuauhtÃ©moc,CuauhtÃ©moc
CALLE,LAGO XOCHIMILCO,CALLE,LAGUNA DE MAYRÃN,CALLE,LAGUNA DE TÃ‰RMINOS,CALLE,LAGO SILVERIO,251,COLONIA,ANÃHUAC,,,11320,CIUDAD DE MÃ‰XICO,Miguel Hidalgo,Miguel Hidalgo
CALLE,HORTICULTOR,CALLE,ANTIGUO CAMINO XOCHIMILCO-TULYEHUALCO,CALLE,AÃ‘O DE JUÃREZ,CALLE,NINGUNO,0,COLONIA,SAN LUIS TLAXIALTEMALCO,,,16610,CIUDAD DE MÃ‰XICO,Xochimilco,Xochimilco
CALLE,VENUSTIANO CARRANZA,CALLE,FRAY PEDRO DE GANTE,CALLE,BOLÃVAR,CALLE,16 DE SEPTIEMBRE,24,COLONIA,CENTRO,,,6000,CIUDAD DE MÃ‰XICO,CuauhtÃ©moc,CuauhtÃ©moc
AVENIDA,CAMINO A SANTA FE,,NINGUNO,CERRADA,NINGUNO,,NINGUNO,520,COLONIA,CUEVITAS,,,1220,CIUDAD DE MÃ‰XICO,Ãlvaro ObregÃ³n,Ãlvaro ObregÃ³n
AVENIDA,DEL IMÃN,CALLE,EDUEVAS,CALLE,CHICARAS,CALLE,TEAXOAPOLTECAS,0,COLONIA,EL CARACOL,,,4739,CIUDAD DE MÃ‰XICO,CoyoacÃ¡n,CoyoacÃ¡n
CALLE,JESÃšS CARRILLO,CALZADA,IGNACIO ZARAGOZA,CALLE,NINGUNO,CALLE,OCTAVIO PAZ,3254,COLONIA,SANTA MARTHA ACATITLA,CENTRO O PLAZA COMERCIAL,SIN NOMBRE,9510,CIUDAD DE MÃ‰XICO,Iztapalapa,Iztapalapa
AVENIDA,INSURGENTES NORTE,,NINGUNO,,NINGUNO,,NINGUNO,1070,COLONIA,TLACAMACA,,,7370,CIUDAD DE MÃ‰XICO,Gustavo A. Madero,Gustavo A. Madero
AVENIDA,INSURGENTES NORTE,,NINGUNO,,NINGUNO,,NINGUNO,1070,COLONIA,TLACAMACA,,,7370,CIUDAD DE MÃ‰XICO,Gustavo A. Madero,Gustavo A. Madero
AVENIDA,INSURGENTES NORTE,,NINGUNO,,NINGUNO,,NINGUNO,1070,COLONIA,TLACAMACA,,,7370,CIUDAD DE MÃ‰XICO,Gustavo A. Madero,Gustavo A. Madero
AVENIDA,RÃO CHURUBUSCO EJE 4 ORIENTE,CERRADA,NINGUNO,CALLE,TLAPALEROS,AVENIDA,CENTRAL DE ABASTOS,0,COLONIA,EJIDOS DEL MORAL,,,9040,CIUDAD DE MÃ‰XICO,Iztapalapa,Iztapalapa
CALLE,SERAPIO RENDÃ“N,CALLE,MAESTRO ANTONIO CASO,CALLE,GUILLERMO PRIETO,CALLE,MIGUEL SCHULTZ,65,COLONIA,SAN RAFAEL,,,6470,CIUDAD DE MÃ‰XICO,CuauhtÃ©moc,CuauhtÃ©moc
AVENIDA,PACÃFICO,CALLE,CANDELARIA,CALLE,MONSERRAT,CERRADA,NINGUNO,265,PUEBLO,LOS REYES,,,4330,CIUDAD DE MÃ‰XICO,CoyoacÃ¡n,CoyoacÃ¡n
AVENIDA,INSURGENTES NORTE,,NINGUNO,,NINGUNO,,NINGUNO,1070,COLONIA,TLACAMACA,,,7370,CIUDAD DE MÃ‰XICO,Gustavo A. Madero,Gustavo A. Madero
AVENIDA,INSURGENTES NORTE,CALLE,COLCHAHUAC,CALLE,IZTACCÃHUATL,AVENIDA,HUITZILÃHUITL(LAS TORRES),0,COLONIA,SANTA ISABEL TOLA,,,7010,CIUDAD DE MÃ‰XICO,Gustavo A. Madero,Gustavo A. Madero
CALLE,EMILIANO ZAPATA,EJE VIAL,1 ORIENTE (ANILLO DE CIRCUNVALACIÃ“N),CALLE,NICOLÃS BRAVO,CALLE,MIGUEL NEGRETE,102,COLONIA,CENTRO,,,15100,CIUDAD DE MÃ‰XICO,Venustiano Carranza,Venustiano Carranza
CIRCUITO,BICENTENARIO (CALZADA MELCHOR OCAMPO),AVENIDA,PASEO DE LA REFORMA,CALLE,TOLSTOI,CALLE,TOLSTOI,469,COLONIA,ANZURES,,,11590,CIUDAD DE MÃ‰XICO,Miguel Hidalgo,Miguel Hidalgo
CALLE,RETORNO 24 DE GENARO GARCÃA,CALLE,NINGUNO,CALLE,NINGUNO,CALLE,RETORNO 24 DE GENARO GARCÃA,17,COLONIA,JARDÃN BALBUENA,,,15900,CIUDAD DE MÃ‰XICO,Venustiano Carranza,Venustiano Carranza
AVENIDA,INSURGENTES SUR,CALLE,YOSEMITE,CALLE,VERMONT,CALLE,COLORADO,619,COLONIA,NÃPOLES,EDIFICIO COMERCIAL Y DE SERVICIOS,TORRE LESIN,3810,CIUDAD DE MÃ‰XICO,Benito JuÃ¡rez,Benito JuÃ¡rez
CALLE,FELIPE ÃNGELES,CERRADA,FELIPE ÃNGELES,CALLE,EJIDO,CALLE,FRANCISCO VILLA,0,COLONIA,SAN JUAN TEPEPAN,,,16020,CIUDAD DE MÃ‰XICO,Xochimilco,Xochimilco
CALLE,FELIPE CARRILLO PUERTO,CALLE,LAGO CONSTANZA,CALLE,CALLEJÃ“N SAN JUANICO,CALLE,SEGUNDO CALLEJÃ“N LAGO MAYOR,422,COLONIA,SAN JUANICO,,,11440,CIUDAD DE MÃ‰XICO,Miguel Hidalgo,Miguel Hidalgo
AVENIDA,INSURGENTES NORTE,AVENIDA,INSURGENTES NORTE,AVENIDA,FORTUNA EJE 4 NORTE,CALLE,RIOBAMBA,1270,COLONIA,CAPULTITLÃN,,,7370,CIUDAD DE MÃ‰XICO,Gustavo A. Madero,Gustavo A. Madero
CALLE,MIGUEL NEGRETE,CALLE,NICOLÃS BRAVO,EJE VIAL,1 ORIENTE (ANILLO DE CIRCUNVALACIÃ“N),CALLE,EMILIANO ZAPATA,11,COLONIA,CENTRO,,,15100,CIUDAD DE MÃ‰XICO,Venustiano Carranza,Venustiano Carranza
CALLE,SIMÃ“N BOLÃVAR,CALLE,CHIMALPOPOCA,AVENIDA,FRAY SERVANDO TERESA DE MIER,EJE VIAL,CENTRAL (LÃZARO CÃRDENAS),159,COLONIA,DOCTORES,,,6720,CIUDAD DE MÃ‰XICO,CuauhtÃ©moc,CuauhtÃ©moc
CALLE,CUMBRES DE MALTRATA,CALLE,UXMAL,CALLE,YÃCATAS,CALLE,LUZ SAVIÃ‘Ã“N,155,COLONIA,NARVARTE ORIENTE,,,3200,CIUDAD DE MÃ‰XICO,Benito JuÃ¡rez,Benito JuÃ¡rez
,BOULEVARD PRESIDENTE MANUEL ÃVILA CAMACHO,,PRIVADA DEL CASTILLO,OTRA (ESPECIFICAR),VOLCÃN,CALLE,FERROCARRIL DE CUERNAVACA,36,COLONIA,LOMAS DE CHAPULTEPEC,EDIFICIOS COMERCIALES Y DE SERVICIOS,TORRE ESMERALDA,11000,CIUDAD DE MÃ‰XICO,Miguel Hidalgo,Miguel Hidalgo
CALLE,AURELIANO RIVERA,CALLE,JOSÃ‰ MARÃA MORELOS,CALLE,AURELIANO RIVERA,CALLE,FILOMENO GONZÃLEZ,2,PUEBLO,SANTO TOMÃS AJUSCO,,,14710,CIUDAD DE MÃ‰XICO,Tlalpan,San Miguel Ajusco
CALLE,JOSÃ‰ LUGO GUERRERO,CALLE,ANDADOR CHABACANO,CALLE,DURAZNO,CALLE,CEREZA,0,COLONIA,LA PLANTA,,,9960,CIUDAD DE MÃ‰XICO,Iztapalapa,Iztapalapa
CALLE,ZAPOTECAS,CALLE,NINGUNO,CALLE,LAGUNEROS,PRIVADA,TZENDALESANT,0,COLONIA,PEDREGAL SANTA ÃšRSULA XITLA,,,14438,CIUDAD DE MÃ‰XICO,Tlalpan,Tlalpan
CALLE,VELÃZQUEZ DE LEÃ“N,CALLE,FRANCISCO DÃAZ COVARRUBIAS,CALLE,MAESTRO ANTONIO CASO,CALLE,MANUEL MARÃA CONTRERAS,171,COLONIA,SAN RAFAEL,,,6470,CIUDAD DE MÃ‰XICO,CuauhtÃ©moc,CuauhtÃ©moc
CALLE,VELÃZQUEZ DE LEÃ“N,CALLE,FRANCISCO DÃAZ COVARRUBIAS,CALLE,MAESTRO ANTONIO CASO,CALLE,MANUEL MARÃA CONTRERAS,171,COLONIA,SAN RAFAEL,,,6470,CIUDAD DE MÃ‰XICO,CuauhtÃ©moc,CuauhtÃ©moc
CALLE,VELÃZQUEZ DE LEÃ“N,CALLE,FRANCISCO DÃAZ COVARRUBIAS,CALLE,MAESTRO ANTONIO CASO,CALLE,MANUEL MARÃA CONTRERAS,171,COLONIA,SAN RAFAEL,,,6470,CIUDAD DE MÃ‰XICO,CuauhtÃ©moc,CuauhtÃ©moc
CALLE,VELÃZQUEZ DE LEÃ“N,CALLE,FRANCISCO DÃAZ COVARRUBIAS,CALLE,MAESTRO ANTONIO CASO,CALLE,MANUEL MARÃA CONTRERAS,171,COLONIA,SAN RAFAEL,,,6470,CIUDAD DE MÃ‰XICO,CuauhtÃ©moc,CuauhtÃ©moc
CALLE,VELÃZQUEZ DE LEÃ“N,CALLE,FRANCISCO DÃAZ COVARRUBIAS,CALLE,MAESTRO ANTONIO CASO,CALLE,MANUEL MARÃA CONTRERAS,171,COLONIA,SAN RAFAEL,,,6470,CIUDAD DE MÃ‰XICO,CuauhtÃ©moc,CuauhtÃ©moc
CALLE,VELÃZQUEZ DE LEÃ“N,CALLE,FRANCISCO DÃAZ COVARRUBIAS,CALLE,MAESTRO ANTONIO CASO,CALLE,MANUEL MARÃA CONTRERAS,171,COLONIA,SAN RAFAEL,,,6470,CIUDAD DE MÃ‰XICO,CuauhtÃ©moc,CuauhtÃ©moc
AVENIDA,SAN LORENZO,CALLE,CAÃ‘ETES,CALLE,ESTRELLA,AVENIDA,SAN LORENZO,312,COLONIA,SAN JUAN XALPA,,,9850,CIUDAD DE MÃ‰XICO,Iztapalapa,Iztapalapa
CALLE,SUR 125,CALLE,GRANJEROS,CALLE,GANADEROS,CALLE,SILOS,129,COLONIA,LOS CIPRESES,MERCADO PÃšBLICO,MERCADO PROGRESO DEL SUR,9810,CIUDAD DE MÃ‰XICO,Iztapalapa,Iztapalapa
CIRCUITO,INTERIOR (AVENIDA RÃO CHURUBUSCO),CALLE,ANALISTAS,AVENIDA,APATLACO,AVENIDA,RÃO CHURUBUSCO EJE 4 ORIENTE,1285,COLONIA,SAN JOSÃ‰ ACULCO,,,9410,CIUDAD DE MÃ‰XICO,Iztapalapa,Iztapalapa
,PASEO DE LA REFORMA,,LANCASTER,OTRA (ESPECIFICAR),2 PONIENTE (FLORENCIA),CALLE,HAMBURGO,342,COLONIA,JUÃREZ,,,,CIUDAD DE MÃ‰XICO,CuauhtÃ©moc,CuauhtÃ©moc
AVENIDA,PASEO DE LA REFORMA,AVENIDA,AV TECNOLÃ“GICO,AVENIDA,AV TECNOLÃ“GICO,AVENIDA,AV TECNOLÃ“GICO,324,CIUDAD,JUÃREZ,,,,CIUDAD DE MÃ‰XICO,CuauhtÃ©moc,CuauhtÃ©moc
AVENIDA,INSURGENTES SUR,CALLE,ACTIPAN,CALLE,ALGECIRAS,CALLE,CÃDIZ,1377,COLONIA,INSURGENTES MIXCOAC,,,3920,CIUDAD DE MÃ‰XICO,Benito JuÃ¡rez,Benito JuÃ¡rez
CALLE,PROLONGACIÃ“N CUAUHTÃ‰MOC,CALLE,NINGUNO,CALLE,DOCTOR GASTÃ“N MELO,CALLE,PROLONGACIÃ“N CUAUTEMOC,0,PUEBLO,SAN ANTONIO TECOMITL,,,12100,CIUDAD DE MÃ‰XICO,Milpa Alta,San Antonio TecÃ³mitl
,PASEO DE LA REFORMA,,RÃO ELBA,OTRA (ESPECIFICAR),RÃO RÃ“DANO,CALLE,RÃO ATOYAC,505,PROLONGACIÃ“N,PASEO DE LA REFORMA,,,6500,CIUDAD DE MÃ‰XICO,CuauhtÃ©moc,CuauhtÃ©moc
,PASEO DE LA REFORMA NORTE,,PASEO DE LA REFORMA,OTRA (ESPECIFICAR),NIZA,CALLE,HAMBURGO,250,CIUDAD,JUAREZ,,,6600,CIUDAD DE MÃ‰XICO,CuauhtÃ©moc,CuauhtÃ©moc
,PASEO DE LA REFORMA NORTE,,PASEO DE LA REFORMA,OTRA (ESPECIFICAR),NIZA,CALLE,HAMBURGO,250,CIUDAD,JUAREZ,,,6600,CIUDAD DE MÃ‰XICO,CuauhtÃ©moc,CuauhtÃ©moc
AVENIDA,RÃO RHIN,CALLE,RÃO LERMA,CALLE,RÃO PAPALOAPAN,CALLE,RÃO SENA,77,COLONIA,CUAUHTÃ‰MOC,,,6500,CIUDAD DE MÃ‰XICO,CuauhtÃ©moc,CuauhtÃ©moc
AVENIDA,CALZADA GENERAL IGNACIO ZARAGOZA,CALLE,AGUA CALIENTE,EJE VIAL,4 ORIENTE (RÃO CHURUBUSCO),CALLE,PRIVADA DE RÃO CHURUBUSCO,0,COLONIA,AGRICOLA PANTITLAN,,,8100,CIUDAD DE MÃ‰XICO,Iztacalco,Iztacalco
CALLE,PENSADOR MEXICANO,CALLE,PLAZA 2 DE ABRIL,EJE VIAL,CENTRAL (LÃZARO CÃRDENAS),CALLE,BELISARIO DOMÃNGUEZ,21,COLONIA,GUERRERO,,,6300,CIUDAD DE MÃ‰XICO,CuauhtÃ©moc,CuauhtÃ©moc
EJE VIAL,1 ORIENTE (AVENIDA CANAL DE MIRAMONTES),AVENIDA,CANAL DE M IRAMONTES,CALLE,SIENA,CALLE,SAVONA,123,COLONIA,RESIDENCIAL ACOXPA,,,14300,CIUDAD DE MÃ‰XICO,Tlalpan,Tlalpan
CALLE,SUR 21,CALLE,4,CALLE,SAN RAFAEL ATLIXCO,CALLE,SUR 21,0,COLONIA,LEYES DE REFORMA PRIMERA SECCIÃ“N,,,9310,CIUDAD DE MÃ‰XICO,Iztapalapa,Iztapalapa
CALLE,LAGO ISEO,CALLE,LAGUNA DE TÃ‰RMINOS,CALLE,TERCERA CERRADA LAGO SILVERIO,CALLE,LAGO SILVERIO,236,COLONIA,ANÃHUAC,,,11320,CIUDAD DE MÃ‰XICO,Miguel Hidalgo,Miguel Hidalgo
AVENIDA,DE LAS GRANJAS,CALLE,FERRERIA,AVENIDA,MIGUEL HIDALGO,CALLE,FERRERÃA,0,COLONIA,SANTA CATARINA,,,2050,CIUDAD DE MÃ‰XICO,Azcapotzalco,Azcapotzalco
CALLE,MONTES URALES NORTE,CALLE,VOSGOS,CALLE,PEDREGAL,CALLE,PEDREGAL,760,COLONIA,LOMAS DE CHAPULTEPEC,,,11000,CIUDAD DE MÃ‰XICO,Miguel Hidalgo,Miguel Hidalgo
AVENIDA,PASEO DE LA REFORMA,CALLE,MONTES URALES NORTE,CALLE,F.C. DE CUERNAVACA (CICLOPISTA),CALLE,VOLCÃN,155,COLONIA,LOMAS DE CHAPULTEPEC I SECCIÃ“N,,,11000,CIUDAD DE MÃ‰XICO,Miguel Hidalgo,Miguel Hidalgo
AVENIDA,PASEO DE LA REFORMA,CALLE,MONTES URALES NORTE,CALLE,F.C. DE CUERNAVACA (CICLOPISTA),CALLE,VOLCÃN,155,COLONIA,LOMAS DE CHAPULTEPEC I SECCIÃ“N,,,11000,CIUDAD DE MÃ‰XICO,Miguel Hidalgo,Miguel Hidalgo
AVENIDA,PASEO DE LA REFORMA,CALLE,MONTES URALES NORTE,CALLE,F.C. DE CUERNAVACA (CICLOPISTA),CALLE,VOLCÃN,155,COLONIA,LOMAS DE CHAPULTEPEC I SECCIÃ“N,,,11000,CIUDAD DE MÃ‰XICO,Miguel Hidalgo,Miguel Hidalgo
AVENIDA,PASEO DE LA REFORMA,CALLE,MONTES URALES NORTE,CALLE,F.C. DE CUERNAVACA (CICLOPISTA),CALLE,VOLCÃN,155,COLONIA,LOMAS DE CHAPULTEPEC I SECCIÃ“N,OTRO TIPO DE CONJUNTO,SIN NOMBRE,11000,CIUDAD DE MÃ‰XICO,Miguel Hidalgo,Miguel Hidalgo
AVENIDA,PASEO DE LA REFORMA,CALLE,MONTES URALES NORTE,CALLE,F.C. DE CUERNAVACA (CICLOPISTA),CALLE,VOLCÃN,155,COLONIA,LOMAS DE CHAPULTEPEC I SECCION,OTROS CONJUNTOS COMERCIALES,POSADAS,11000,CIUDAD DE MÃ‰XICO,Miguel Hidalgo,Miguel Hidalgo
CALZADA,DE TLALPAN,CALLE,SAN JUAN DE DIOS,CALLE,SILLÃ“N DE MENDOZA,CALLE,TEPEPAN,4585,COLONIA,TORIELLO GUERRA,,,14050,CIUDAD DE MÃ‰XICO,Tlalpan,Tlalpan
,BOULEVARD PRESIDENTE MANUEL ÃVILA CAMACHO,,PRIVADA DEL CASTILLO,OTRA (ESPECIFICAR),VOLCÃN,BOULEVARD,CALLE FERROCARRIL,24,CIUDAD,LOMAS DE CHAPULTEPEC,EDIFICIOS COMERCIALES Y DE SERVICIOS,PERIFÃ‰RICO LOMAS,11000,CIUDAD DE MÃ‰XICO,Miguel Hidalgo,Miguel Hidalgo
,BOULEVARD PRESIDENTE MANUEL ÃVILA CAMACHO,,PRIVADA DEL CASTILLO,OTRA (ESPECIFICAR),VOLCÃN,CALLE,FERROCARRIL DE CUERNAVACA,24,CIUDAD,LOMAS DE CHAPULTEPEC,EDIFICIOS COMERCIALES Y DE SERVICIOS,REFORMA LOMAS,11000,CIUDAD DE MÃ‰XICO,Miguel Hidalgo,Miguel Hidalgo
,BOULEVARD PRESIDENTE MANUEL ÃVILA CAMACHO,,PRIVADA DEL CASTILLO,OTRA (ESPECIFICAR),VOLCÃN,CALLE,FERROCARRIL DE CUERNAVACA,24,CIUDAD,LOMAS DE CHAPULTEPEC,EDIFICIOS COMERCIALES Y DE SERVICIOS,PERIFÃ‰RICO,,CIUDAD DE MÃ‰XICO,Miguel Hidalgo,Miguel Hidalgo
CARRETERA,FEDERAL MÃ‰XICO-TOLUCA,CALLE,GRANJAS,CALLE,PASEO DE LAS LILAS,CERRADA,DE PALO ALTO,1725,COLONIA,PALO ALTO,,,5110,CIUDAD DE MÃ‰XICO,Cuajimalpa de Morelos,Cuajimalpa de Morelos
AVENIDA,PUERTO MAZATLÃN,AVENIDA,PUERTO MAZATLÃN,CALLE,JOSÃ‰ LÃ“PEZ PORTILLO,PRIVADA,TERCERA JOSÃ‰ LÃ“PEZ PORTILLO,0,COLONIA,LA PASTORA,,,7290,CIUDAD DE MÃ‰XICO,Gustavo A. Madero,Gustavo A. Madero
AVENIDA,ANILLO PERIFÃ‰RICO (CANAL DE GARAY),CALLE,ESTRELLA,CALLE,IZTACCÃHUATL,OTRA (ESPECIFICAR),MANUEL ACUÃ‘A,0,UNIDAD HABITACIONAL,UNIDAD FOVISSSTE SAN LORENZO TEZONCO II,,,9860,CIUDAD DE MÃ‰XICO,Iztapalapa,Iztapalapa
CALLE,SANTA MARÃA,CALLE,SANTA MARÃA,AVENIDA,FRANCISCO DEL PASO Y TRONCOSO,AVENIDA,APATLACO,0,COLONIA,MAGDALENA ATLAZOLPA,,,9410,CIUDAD DE MÃ‰XICO,Iztapalapa,Iztapalapa
AVENIDA,DE LAS GRANJAS,CALLE,SALOMÃ“N,CALLE,WAKE,CALLE,NORTE 81,282,COLONIA,ELECTRICISTAS,,,2060,CIUDAD DE MÃ‰XICO,Azcapotzalco,Azcapotzalco
CALLE,RÃO CHURUBUSCO,CIRCUITO,INTERIOR (AVENIDA RÃO CHURUBUSCO),CALLE,EJE 3 ORIENTE (GEÃ“GRAFOS),CIRCUITO,INTERIOR (AVENIDA RÃO CHURUBUSCO),0,COLONIA,ACULCO,,,9410,CIUDAD DE MÃ‰XICO,Iztapalapa,Iztapalapa
AVENIDA,LUIS ESPINOZA,PRIVADA,NINGUNO,PRIVADA,NINGUNO,CALLE,FELIPE CARRILLO PUERTO,0,COLONIA,SOLIDARIDAD NACIONAL,,,7268,CIUDAD DE MÃ‰XICO,Gustavo A. Madero,Gustavo A. Madero
CALLE,TLAZINTLA,CALLE,TEZONTLE,EJE VIAL,3 ORIENTE (FRANCISCO DEL PASO Y TRONCOSO),CALLE,ORIENTE 102,0,COLONIA,BARRIO LOS REYES,,,8710,CIUDAD DE MÃ‰XICO,Iztacalco,Iztacalco
,,,MANANTIALES DE MONTEALEGRE,,MANANTIALES DE MONTEALEGRE,,MANANTIALES DE MONTEALEGRE,0,PARAJE,MANANTIALES DE MONTEALEGRE,,,10928,CIUDAD DE MÃ‰XICO,La Magdalena Contreras,Manantiales de Monte Alegre
,BOULEVARD PRESIDENTE MANUEL ÃVILA CAMACHO,,PRIVADA DEL CASTILLO,OTRA (ESPECIFICAR),VOLCÃN,AVENIDA,PERIFÃ‰RICO,36,COLONIA,LOMAS DE CHAPULTEPEC,OTROS CONJUNTOS COMERCIALES,TORRE ESMERALDA,11000,CIUDAD DE MÃ‰XICO,Miguel Hidalgo,Miguel Hidalgo
CALZADA,DE GUADALUPE,CALLE,MALINTZIN,CALLE,F. C. DE MÃ‰XICO,CALLE,F. C. DE MÃ‰XICO,0,COLONIA,TEPEYAC INSURGENTES,,,7020,CIUDAD DE MÃ‰XICO,Gustavo A. Madero,Gustavo A. Madero
CALZADA,DE GUADALUPE,CALLE,MALINTZIN,CALLE,F. C. DE MÃ‰XICO,CALLE,F. C. DE MÃ‰XICO,0,COLONIA,TEPEYAC INSURGENTES,,,7020,CIUDAD DE MÃ‰XICO,Gustavo A. Madero,Gustavo A. Madero
CALLE,NORTE 94,,NORTE 94,,GRAN CANAL,EJE VIAL,3 NORTE (ÃNGEL ALBINO CORZO-ORIENTE 101),0,COLONIA,GERTRUDIS SANCHEZ,MERCADO PÃšBLICO,SIN NOMBRE,7969,CIUDAD DE MÃ‰XICO,Gustavo A. Madero,Gustavo A. Madero
AVENIDA,TLÃHUAC,CALLE,GITANA,CALLE,AMADO NERVO,CALLE,SALVADOR DÃAZ MIRÃ“N,0,COLONIA,ZAPOTITLA,,,13220,CIUDAD DE MÃ‰XICO,TlÃ¡huac,TlÃ¡huac
CALLE,VELÃZQUEZ DE LEÃ“N,CALLE,FRANCISCO DÃAZ COVARRUBIAS,CALLE,MAESTRO ANTONIO CASO,CALLE,MANUEL MARÃA CONTRERAS,171,COLONIA,SAN RAFAEL,,,6470,CIUDAD DE MÃ‰XICO,CuauhtÃ©moc,CuauhtÃ©moc
CALLE,JUSTO SIERRA,CALLE,GLADIOLAS,CALLE,PEDRO RAMÃREZ DEL CASTILLO,CALLE,CUAUHTÃ‰MOC,9,BARRIO,SAN PEDRO,,,16090,CIUDAD DE MÃ‰XICO,Xochimilco,Xochimilco
AVENIDA,GRAN CANAL DEL DESAGÃœE,CALLE,ORIENTE 157,,NINGUNO,CALLE,CERRADA ORIENTE 157,0,COLONIA,UNIDAD EL COYOL,,,7420,CIUDAD DE MÃ‰XICO,Gustavo A. Madero,Gustavo A. Madero
CALLE,VELÃZQUEZ DE LEÃ“N,CALLE,FRANCISCO DÃAZ COVARRUBIAS,CALLE,MAESTRO ANTONIO CASO,CALLE,MANUEL MARÃA CONTRERAS,171,COLONIA,SAN RAFAEL,,,6470,CIUDAD DE MÃ‰XICO,CuauhtÃ©moc,CuauhtÃ©moc
CALLE,EL GAVILLERO,CALLE,3A DE SUBESTACION,CALLE,PRIMERA DE SUBESTACIÃ“N,CALLE,3A DE SUBESTACION,0,COLONIA,SUBESTACIÃ“N,,,10900,CIUDAD DE MÃ‰XICO,La Magdalena Contreras,La Magdalena Contreras
CALLE,ZACAPA,CALLE,NUEVA CARRETERA XOCHIMILCO-TULYEHUALCO,CALLE,NINGUNO,CALLE,NINGUNO,0,PUEBLO,SANTA MARÃA NATIVITAS,,,16420,CIUDAD DE MÃ‰XICO,Xochimilco,Xochimilco
CALLE,ESCUELA,CALLE,PORTACOELI,AVENIDA,PROLONGACIÃ“N DIVISIÃ“N DEL NORTE,CALLE,GRIJALVA,0,COLONIA,EX HACIENDA SAN JUAN DE DIOS,PLAZUELA COMERCIAL,MARKET PLACE,14387,CIUDAD DE MÃ‰XICO,Tlalpan,Tlalpan
CALLE,ESTADO DE MÃ‰XICO,CALLE,NINGUNO,CALLE,MORELOS,CALLE,NINGUNO,200,COLONIA,LOMA LA PALMA,,,7160,CIUDAD DE MÃ‰XICO,Gustavo A. Madero,Gustavo A. Madero
CALZADA,TAXQUEÃ‘A,AVENIDA,CANAL NACIONAL,AVENIDA,ARNESES EJE 3 ORIENTE,AVENIDA,CANAL NACIONAL,0,COLONIA,BARRIO TULA,,,9800,CIUDAD DE MÃ‰XICO,Iztapalapa,Iztapalapa
AVENIDA,DE LAS TORRES,CALLE,OCTAVIO SENTIES,CALLE,CAMINO A SANTIAGO,CALLE,CUANALÃ,0,COLONIA,SANTIAGO ACHUALTEPEC,,,9608,CIUDAD DE MÃ‰XICO,Iztapalapa,Iztapalapa
CALLE,EJIDO,CALLE,FELIPE ÃNGELES,CALLE,FRANCISCO VILLA,CALLE,LÃZARO CÃRDENAS,0,COLONIA,SAN JUAN TEPEPAN,,,16020,CIUDAD DE MÃ‰XICO,Xochimilco,Xochimilco
AVENIDA,JUÃREZ,AVENIDA,BALDERAS,CALLE,HUMBOLDT,CALLE,ARTÃCULO 123,90,COLONIA,CENTRO,,,6040,CIUDAD DE MÃ‰XICO,CuauhtÃ©moc,CuauhtÃ©moc
CALLE,LIBERTAD,CALLE,LIBERTAD,CALLE,PORFIRIO DÃAZ,CALLE,PORFIRIO DÃAZ,38,BARRIO,LIBERTAD,,,9000,CIUDAD DE MÃ‰XICO,Iztapalapa,Iztapalapa
CALZADA,ACOXPA,CALZADA,GUADALUPE,CALLE,FEDERACIÃ“N MEXICANA DE FUTBOL ASOCIACIÃ“N,AVENIDA,EJIDO,430,COLONIA,EX HACIENDA COAPA,CENTRO O PLAZA COMERCIAL,PASEO ACOXPA,14300,CIUDAD DE MÃ‰XICO,Tlalpan,Tlalpan
CALLE,CANARIO,CALLE,10,CALLE,AVENIDA CENTRAL,AVENIDA,ESCUADRÃ“N 201,0,COLONIA,TOLTECA,,,1150,CIUDAD DE MÃ‰XICO,Ãlvaro ObregÃ³n,Ãlvaro ObregÃ³n
EJE VIAL,2 ORIENTE (HEROICA ESCUELA NAVAL MILITAR),,CANAL NACIONAL,OTRA (ESPECIFICAR),20 DE AGOSTO,AVENIDA,CANAL NACIONAL,66,BARRIO,LA MAGDALENA CULHUACAN,,,,CIUDAD DE MÃ‰XICO,CoyoacÃ¡n,CoyoacÃ¡n
CALLE,PROLONGACIÃ“N SANTA CRUZ,PRIVADA,PINOS,CERRADA,TERCERA XAXALCO,CALLE,ARENAL,88,PUEBLO,SAN MIGUEL TOPILEJO,,,14500,CIUDAD DE MÃ‰XICO,Tlalpan,San Miguel Topilejo
AVENIDA,PASEO DE LA REFORMA,EJE VIAL,1 NORTE (MOSQUETA),EJE VIAL,CENTRAL (LÃZARO CÃRDENAS),CALLE,DEGOLLADO,0,COLONIA,GUERRERO,,,6300,CIUDAD DE MÃ‰XICO,CuauhtÃ©moc,CuauhtÃ©moc
CARRETERA,FEDERAL MÃ‰XICO-TOLUCA (PROLONGACIÃ“N PASEO DE LA REFORMA),CALLE,PROLONGACIÃ“N JUÃREZ,CALLE,CÃNDIDO AVILÃ‰S,CALLE,AHUEHUETES,3100,COLONIA,LOMAS DE MEMETLA,,,5330,CIUDAD DE MÃ‰XICO,Cuajimalpa de Morelos,Cuajimalpa de Morelos
CALLE,COCOXÃ“CHITL,CALLE,CAMINO VIEJO,AVENIDA,NUEVA XOCHIMILCO-TULYEHUALCO,AVENIDA,CARRETERA XOCHIMILCO-TULYEHUALCO,0,PUEBLO,SANTA CRUZ ACALPIXCA,,,16500,CIUDAD DE MÃ‰XICO,Xochimilco,Xochimilco
CALLE,AÃ‘O DE JUÃREZ,,HERMENEGILDO GALEANA,,NINGUNO,CALLE,AVENIDA CANAL NACIONAL CHALCO-AMECAMECA,0,PUEBLO,SAN LUIS TLAXIALTEMALCO,,,16610,CIUDAD DE MÃ‰XICO,Xochimilco,Xochimilco
AVENIDA,AMACUZAC,AVENIDA,EJE 7 SUR (MUNICIPIO LIBRE),AVENIDA,SINATEL,CALLE,LARGA DISTANCIA,0,COLONIA,AMPLIACIÃ“N SINATEL,,,9479,CIUDAD DE MÃ‰XICO,Iztapalapa,Iztapalapa
AVENIDA,DE LAS TORRES,CALLE,ALTA TENSIÃ“N,CALLE,FLOR DEL CAMPO,CALLE,FLOR DEL CAMPO,0,COLONIA,TORRES DE POTRERO,,,1840,CIUDAD DE MÃ‰XICO,Ãlvaro ObregÃ³n,Ãlvaro ObregÃ³n
CALLE,VIRGILIO URIBE,EJE VIAL,3 ORIENTE (ARMADA DE MÃ‰XICO),EJE VIAL,2 ORIENTE (HEROICA ESCUELA NAVAL MILITAR),CALZADA,LA VIRGEN,0,AMPLIACIÃ“N,BB,,,8900,CIUDAD DE MÃ‰XICO,CoyoacÃ¡n,CoyoacÃ¡n
CALZADA,SANTIAGO AHUIZOTLA,CALLE,PLUTARCO ELÃAS CALLES,ANDADOR,PRIMER FLORESTA,CALLE,FLORESTA,0,COLONIA,SANTIAGO AHUIZOTLA,,,2750,CIUDAD DE MÃ‰XICO,Azcapotzalco,Azcapotzalco
CIRCUITO,FRUTAS Y LEGUMBRES,CALLE,NINGUNO,CALLE,3,AVENIDA,PRINCIPAL,0,COLONIA,EJIDOS DEL MORAL,CENTRAL DE ABASTO,CENTRAL DE ABASTOS DE LA CIUDAD DE MÃ‰XICO,9040,CIUDAD DE MÃ‰XICO,Iztapalapa,Iztapalapa
CALLE,NINGUNO,CALLE,MANUEL ESCANDÃ“N,AVENIDA,GUELATAO,CALLE,TRANSPORTISTAS,0,COLONIA,PEÃ‘Ã“N DEL MÃRQUEZ,,,9230,CIUDAD DE MÃ‰XICO,Iztapalapa,Iztapalapa
CALZADA,DE LAS BOMBAS,AVENIDA,CANAL NACIONAL,AVENIDA,CANAL NACIONAL,AVENIDA,CANAL NCIONAL,0,UNIDAD HABITACIONAL,CANAL NACIONAL,,,4480,CIUDAD DE MÃ‰XICO,CoyoacÃ¡n,CoyoacÃ¡n
CALLE,CHIMALPOPOCA,CALLE,CERRADA FRAY SERVANDO,CALZADA,SAN ANTONIO ABAD,CALLE,NINGUNO,220,COLONIA,TRÃNSITO,,,6000,CIUDAD DE MÃ‰XICO,CuauhtÃ©moc,CuauhtÃ©moc
CALLE,GUSTAVO DÃAZ ORDAZ,AVENIDA,CHAPULTEPEC,CALLE,FRANCISCO I. MADERO,CALLE,GUSTAVO DÃAZ ORDAZ,0,PUEBLO,SAN GREGORIO ATLAPULCO,,,16600,CIUDAD DE MÃ‰XICO,Xochimilco,Xochimilco
AVENIDA,OCEANÃA,CALLE,EMILIANO ZAPATA,CERRADA,L. CABALLERO,CERRADA,L. CABALLERO,0,COLONIA,MIGUEL HIDALGO,,,15470,CIUDAD DE MÃ‰XICO,Venustiano Carranza,Venustiano Carranza
CALLE,PLAN DE MUYUGUARDA,CALLE,NINGUNO,CIRCUITO,CUEMANCO,AVENIDA,PLAN DE MUYUGUARDA,0,COLONIA,SAN LORENZO LA CEBADA,,,16018,CIUDAD DE MÃ‰XICO,Xochimilco,Xochimilco
CALLE,NINGUNO,AVENIDA,GUILLERMO PRIETO,AVENIDA,HEBERTO CASTILLO,AVENIDA,LA TURBA,0,COLONIA,MIGUEL HIDALGO,,,13200,CIUDAD DE MÃ‰XICO,TlÃ¡huac,TlÃ¡huac
CALLE,BATALLÃ“N FIJO DE VERACRUZ,CALLE,BATALLÃ“N DE ZACAPOAXTLA,CALLE,BATALLÃ“N LIGERO DE TOLUCA,AVENIDA,BATALLÃ“N FIJO A VERACRUZ,0,UNIDAD HABITACIONAL,EJERCITO DE ORIENTE,,,9230,CIUDAD DE MÃ‰XICO,Iztapalapa,Iztapalapa
CALLE,DEL PARQUE,CALLE,AVENIDA PARAJE,CALLE,BARRANCA,,NINGUNO,0,COLONIA,PARAJE DEL CABALLITO,,,1856,CIUDAD DE MÃ‰XICO,Ãlvaro ObregÃ³n,Ãlvaro ObregÃ³n
CALLE,19 DE FEBRERO,CALLE,CAMINO REAL,CERRADA,PINO,CALLE,PIEDRA,0,COLONIA,PARAJE DEL CABALLITO,,,1856,CIUDAD DE MÃ‰XICO,Ãlvaro ObregÃ³n,Ãlvaro ObregÃ³n
CERRADA,NINGUNO,,NINGUNO,,NINGUNO,CERRADA,NINGUNO,0,COLONIA,PARAJE DEL CABALLITO,,,1856,CIUDAD DE MÃ‰XICO,Ãlvaro ObregÃ³n,Ãlvaro ObregÃ³n
CALLE,ESCARCHA (NORTE 3),AVENIDA,AGUSTÃN LARA,AVENIDA,CALZADA REFORMA AGRARIA,AVENIDA,TIERRA Y LIBERTAD,0,COLONIA,SAN JOSE,,,13020,CIUDAD DE MÃ‰XICO,TlÃ¡huac,TlÃ¡huac
EJE VIAL,4 ORIENTE (RÃO CHURUBUSCO),AVENIDA,CALZADA GENERAL IGNACIO ZARAGOZA,CALLE,PRIVADA DE RÃO CHURUBUSCO,CALLE,AGUA CALIENTE,0,COLONIA,PANTITLAN,,,8100,CIUDAD DE MÃ‰XICO,Iztacalco,Iztacalco
CALLE,NINGUNO,CALLE,JACARANDA,CALLE,OTLICA,CALLE,JACARANDA,0,PUEBLO,SANTA CRUZ ACALPIXCA,,,16500,CIUDAD DE MÃ‰XICO,Xochimilco,Xochimilco
CALLE,AZUCENA,CERRADA,SEGUNDA DE AZUCENA,CERRADA,LIRIO,CALLE,FRANCISCO VILLA,0,COLONIA,LOMAS DE CHAMONTOYA,,,1857,CIUDAD DE MÃ‰XICO,Ãlvaro ObregÃ³n,Ãlvaro ObregÃ³n
AVENIDA,FRANCISCO J. MACÃN,CALLE,PEDRO GALÃN,ANDADOR,37 MACÃN,RETORNO,MARIANO ROMERO,0,COLONIA,CTM EL RISCO,,,7090,CIUDAD DE MÃ‰XICO,Gustavo A. Madero,Gustavo A. Madero
CALLE,FELIPE ÃNGELES,AVENIDA,TLÃHUAC,AVENIDA,INDEPENDENCIA,CALLE,16 DE SEPTIEMBRE,0,COLONIA,SANTIAGO ZAPOTITLÃN,,,13300,CIUDAD DE MÃ‰XICO,TlÃ¡huac,TlÃ¡huac
CALLE,FELIPE ÃNGELES,CALLE,GRAN CHAPARRAL,CALLE,NINGUNO,CALLE,TETEPETONGO,0,COLONIA,LOMAS DE ZARAGOZA,,,9620,CIUDAD DE MÃ‰XICO,Iztapalapa,Iztapalapa
CALLE,ESTOCOLMO 1912,CALLE,LOS ÃNGELES 1932,CALLE,MÃ‰XICO 1968,CALLE,FRANCIA 1924,0,COLONIA,OLIMPICA,,,4710,CIUDAD DE MÃ‰XICO,CoyoacÃ¡n,CoyoacÃ¡n
CALLE,FLORES,CALLE,DALIA,CALLEJÃ“N,PRIMER LAS FLORES,,CANAL DE AGUA,0,BARRIO,CALTONGO,,,16090,CIUDAD DE MÃ‰XICO,Xochimilco,Xochimilco
AVENIDA,PROLONGACIÃ“N RÃO CHURUBUSCO,CALLE,MAXTLA,AVENIDA,BORDO DE XOCHIACA,AVENIDA,PROLONGACIÃ“N RÃO CHURUBUSCO,0,COLONIA,ARENAL 4A SECCION,,,15640,CIUDAD DE MÃ‰XICO,Venustiano Carranza,Venustiano Carranza
AVENIDA,PROLONGACIÃ“N RÃO CHURUBUSCO,CALLE,MAXTLA,AVENIDA,BORDO DE XOCHIACA,AVENIDA,PROLONGACIÃ“N RÃO CHURUBUSCO,0,COLONIA,ARENAL 4A SECCION,,,15640,CIUDAD DE MÃ‰XICO,Venustiano Carranza,Venustiano Carranza
